order_id,basket_size,promo_flag,store_format,high_margin
1,31.72,1,C,0
2,241.17,1,A,0
3,236.82,0,C,0
4,244.25,1,C,0
5,441.33,1,C,1
6,398.61,1,D,1
7,123.33,0,A,0
8,335.18,1,B,1
9,97.1,0,D,0
10,267.44,0,A,0
11,79.91,1,B,0
12,262.15,1,A,0
13,48.49,0,A,0
14,488.53,0,B,1
15,479.98,0,B,1
16,111.51,1,C,0
17,161.31,0,A,0
18,32.1,0,D,0
19,131.48,0,B,0
20,151.76,0,C,0
21,398.45,0,B,1
22,129.08,0,C,0
23,206.11,0,D,0
24,321.35,1,D,1
25,437.2,1,D,1
26,336.83,0,A,1
27,424.76,1,B,1
28,428.7,0,B,1
29,33.21,1,A,0
30,393.34,1,D,1
31,475.43,1,C,1
32,200.05,0,C,0
33,430.24,1,B,1
34,158.02,0,C,0
35,142.13,0,C,0
36,241.58,0,A,0
37,256.49,0,C,0
38,255.1,1,A,0
39,317.3,0,D,1
40,44.68,1,D,0
41,115.41,1,C,0
42,399.08,1,D,1
43,88.94,0,C,0
44,236.37,1,A,0
45,314.91,1,D,1
46,115.0,0,B,0
47,267.3,1,B,0
48,143.56,1,D,0
49,194.86,1,C,0
50,386.69,1,D,1
51,432.03,1,C,1
52,298.85,1,D,1
53,491.92,1,A,1
54,464.27,1,D,1
55,318.05,1,B,1
56,157.05,1,D,0
57,410.29,1,A,1
58,193.62,0,D,0
59,196.69,1,B,0
60,131.98,1,B,0
61,462.62,1,D,1
62,443.25,1,D,1
63,200.08,1,D,0
64,95.02,0,D,0
65,392.02,1,C,1
66,271.64,1,C,0
67,494.04,0,B,1
68,351.37,1,B,1
69,438.49,0,D,1
70,345.39,0,A,1
71,46.12,1,D,0
72,435.48,0,B,1
73,122.97,1,C,0
74,222.0,0,A,0
75,174.91,1,A,0
76,46.09,1,B,0
77,253.62,0,C,0
78,358.18,1,A,1
79,454.91,0,D,1
80,357.88,1,B,1
81,71.63,0,C,0
82,95.65,1,B,0
83,73.13,0,A,0
84,324.2,0,A,1
85,215.28,0,B,0
86,497.42,1,B,1
87,416.96,0,B,1
88,279.44,1,A,0
89,430.44,1,B,1
90,44.97,1,A,0
91,253.64,1,B,0
92,391.32,1,B,1
93,205.81,1,C,0
94,424.21,1,D,1
95,394.51,0,C,1
96,425.28,1,B,1
97,316.24,0,B,1
98,291.05,0,D,0
99,332.22,1,C,1
100,307.47,0,A,1
101,72.24,1,D,0
102,305.64,1,B,1
103,245.67,1,B,0
104,276.84,0,A,0
105,294.16,1,A,1
106,416.07,0,A,1
107,355.05,0,B,1
108,205.18,0,D,0
109,95.95,0,B,0
110,462.55,1,A,1
111,440.08,1,D,1
112,223.73,0,C,0
113,40.8,1,C,0
114,448.93,0,A,1
115,440.22,0,C,1
116,451.42,1,D,1
117,90.33,1,C,0
118,60.44,1,A,0
119,123.57,1,C,0
120,160.27,1,A,0
121,318.81,0,B,1
122,440.66,1,D,1
123,379.88,0,B,1
124,456.3,1,D,1
125,256.29,1,A,0
126,493.64,1,C,1
127,442.86,1,D,1
128,408.52,0,A,1
129,331.47,1,A,1
130,56.89,0,D,0
131,423.59,0,B,1
132,409.02,0,B,1
133,47.71,0,A,0
134,193.2,0,D,0
135,415.98,0,D,1
136,267.17,1,D,0
137,195.53,1,A,0
138,327.37,1,B,1
139,243.46,0,B,0
140,318.79,0,D,1
141,399.89,1,A,1
142,280.13,1,B,0
143,345.91,1,B,1
144,61.43,0,A,0
145,202.44,0,B,0
146,456.48,0,D,1
147,422.98,1,D,1
148,187.62,1,B,0
149,333.2,1,A,1
150,475.44,0,A,1
151,353.48,0,B,1
152,268.89,0,B,0
153,258.51,0,D,0
154,446.64,0,B,1
155,371.64,1,D,1
156,54.6,1,C,0
157,11.4,0,C,0
158,24.49,0,B,0
159,105.76,1,B,0
160,227.55,0,C,0
161,124.97,1,B,0
162,353.94,1,B,1
163,367.56,1,B,1
164,292.55,1,D,1
165,87.07,1,D,0
166,58.93,0,B,0
167,413.71,1,D,1
168,59.71,0,B,0
169,119.41,1,D,0
170,439.4,0,D,1
171,170.84,0,D,0
172,345.83,1,D,1
173,232.54,0,C,0
174,389.25,1,D,1
175,265.24,0,B,0
176,60.07,1,A,0
177,294.13,0,C,1
178,38.1,0,A,0
179,449.19,1,B,1
180,336.16,0,B,1
181,79.6,0,B,0
182,440.34,1,B,1
183,119.2,1,D,0
184,362.08,0,A,1
185,51.55,1,B,0
186,438.37,1,D,1
187,175.76,0,C,0
188,347.02,1,B,1
189,183.67,0,D,0
190,178.96,1,D,0
191,206.56,1,A,0
192,220.34,1,C,0
193,220.23,0,A,0
194,412.05,1,C,1
195,302.87,1,B,1
196,171.17,1,C,0
197,363.3,0,A,1
198,165.51,1,C,0
199,349.0,1,D,1
200,215.8,1,C,0
201,324.14,1,A,1
202,152.76,0,C,0
203,73.23,1,C,0
204,20.77,1,A,0
205,445.12,0,B,1
206,338.01,1,C,1
207,170.65,0,A,0
208,203.73,1,D,0
209,383.87,1,A,1
210,466.11,0,A,1
211,373.71,0,B,1
212,48.01,1,B,0
213,197.98,1,A,0
214,355.5,0,B,1
215,133.37,1,B,0
216,116.25,0,B,0
217,237.9,1,A,0
218,399.29,0,A,1
219,290.1,1,A,0
220,65.72,0,A,0
221,484.16,0,A,1
222,241.93,1,D,0
223,383.07,1,B,1
224,46.88,0,D,0
225,257.75,1,C,0
226,317.94,1,D,1
227,443.62,1,D,1
228,356.11,1,A,1
229,311.09,1,D,1
230,368.42,1,B,1
231,128.17,0,C,0
232,487.13,0,D,1
233,426.66,0,A,1
234,17.89,0,C,0
235,402.58,1,C,1
236,293.19,0,C,0
237,431.46,0,C,1
238,161.73,1,D,0
239,336.54,0,D,1
240,151.52,0,B,0
241,484.51,1,A,1
242,28.69,0,B,0
243,447.07,1,D,1
244,299.44,1,C,1
245,97.45,0,C,0
246,454.66,0,A,1
247,329.0,0,D,1
248,322.73,0,A,1
249,88.98,1,B,0
250,495.01,1,B,1
251,229.7,0,A,0
252,63.45,1,C,0
253,154.96,1,D,0
254,118.98,0,D,0
255,424.44,0,A,1
256,475.58,0,C,1
257,496.38,0,C,1
258,132.12,0,B,0
259,118.58,1,B,0
260,343.11,0,B,1
261,70.63,1,C,0
262,163.61,1,C,0
263,376.56,0,A,1
264,395.75,1,A,1
265,292.14,0,C,0
266,371.51,1,C,1
267,244.84,0,B,0
268,148.37,1,D,0
269,252.19,0,A,0
270,277.53,0,C,0
271,46.08,0,C,0
272,489.31,1,C,1
273,443.67,0,C,1
274,256.85,1,D,0
275,191.59,0,B,0
276,149.17,0,D,0
277,312.28,0,A,1
278,355.4,1,A,1
279,312.22,1,C,1
280,398.85,1,B,1
281,488.24,1,C,1
282,31.2,0,B,0
283,199.46,1,A,0
284,162.89,0,D,0
285,410.85,1,A,1
286,31.48,0,C,0
287,82.4,0,D,0
288,461.77,1,A,1
289,157.45,0,C,0
290,398.01,1,C,1
291,145.65,1,D,0
292,324.0,0,C,1
293,178.67,1,A,0
294,396.24,1,D,1
295,264.02,1,B,0
296,101.01,0,A,0
297,166.3,1,C,0
298,229.65,1,D,0
299,246.98,0,B,0
300,318.33,1,D,1
301,448.54,1,B,1
302,242.49,0,A,0
303,404.96,1,C,1
304,424.2,0,C,1
305,30.22,0,D,0
306,256.61,1,C,0
307,281.2,0,B,0
308,306.95,1,C,1
309,403.18,1,D,1
310,313.22,0,A,1
311,45.55,0,C,0
312,384.04,1,D,1
313,434.54,0,D,1
314,57.69,0,A,0
315,374.82,0,B,1
316,171.7,1,C,0
317,374.45,0,B,1
318,335.09,1,B,1
319,49.45,1,A,0
320,398.5,0,D,1
321,385.71,1,D,1
322,371.98,1,B,1
323,365.02,0,D,1
324,269.52,0,C,0
325,63.57,0,B,0
326,126.24,1,B,0
327,22.25,1,D,0
328,268.93,1,A,0
329,356.62,1,C,1
330,233.26,0,C,0
331,266.57,0,D,0
332,106.38,0,D,0
333,367.84,1,C,1
334,336.45,1,B,1
335,347.09,1,B,1
336,146.96,1,A,0
337,238.79,0,D,0
338,436.54,0,C,1
339,109.03,0,A,0
340,367.78,0,C,1
341,270.93,0,C,0
342,31.44,1,A,0
343,180.88,0,B,0
344,152.4,1,D,0
345,40.28,0,B,0
346,77.69,0,A,0
347,431.28,1,B,1
348,294.49,1,B,1
349,455.67,0,B,1
350,195.55,0,C,0
351,19.42,0,D,0
352,489.35,1,C,1
353,281.05,1,A,0
354,278.22,0,A,0
355,187.54,1,C,0
356,274.3,1,C,0
357,56.55,1,C,0
358,149.5,0,B,0
359,441.56,1,B,1
360,126.62,0,B,0
361,88.65,0,B,0
362,192.84,0,B,0
363,202.48,1,B,0
364,364.92,0,D,1
365,275.8,1,C,0
366,17.03,1,A,0
367,165.91,0,A,0
368,444.88,1,B,1
369,495.44,0,C,1
370,415.64,0,B,1
371,232.55,1,B,0
372,440.74,0,B,1
373,440.75,0,B,1
374,341.15,1,A,1
375,325.76,1,D,1
376,289.92,1,D,0
377,51.36,1,B,0
378,416.78,0,C,1
379,378.61,0,C,1
380,392.37,0,C,1
381,128.43,0,A,0
382,17.01,0,B,0
383,131.61,1,C,0
384,170.54,0,D,0
385,229.66,1,D,0
386,250.79,1,D,0
387,434.67,1,A,1
388,139.34,1,D,0
389,491.11,1,A,1
390,63.01,0,C,0
391,333.33,1,D,1
392,32.05,0,D,0
393,129.98,0,C,0
394,298.21,0,B,1
395,341.5,1,D,1
396,204.47,0,D,0
397,437.12,1,D,1
398,119.64,1,B,0
399,412.82,0,A,1
400,325.84,0,C,1
401,468.28,1,A,1
402,149.47,0,D,0
403,74.64,0,B,0
404,30.49,0,C,0
405,123.43,0,D,0
406,331.71,0,C,1
407,41.94,0,A,0
408,373.1,0,A,1
409,374.3,0,B,1
410,376.25,0,A,1
411,344.37,0,D,1
412,140.86,1,A,0
413,415.63,0,B,1
414,228.57,1,D,0
415,129.51,0,A,0
416,424.5,1,C,1
417,467.81,1,C,1
418,136.62,0,B,0
419,386.36,0,A,1
420,428.05,0,B,1
421,311.07,0,B,1
422,205.91,1,B,0
423,451.45,1,A,1
424,419.35,1,B,1
425,343.56,1,C,1
426,92.65,0,A,0
427,32.57,0,B,0
428,295.56,0,D,1
429,399.44,0,B,1
430,97.12,0,A,0
431,190.9,0,B,0
432,387.78,0,B,1
433,301.24,1,A,1
434,27.97,0,D,0
435,483.22,0,C,1
436,126.39,1,D,0
437,324.74,1,B,1
438,161.35,0,D,0
439,332.51,1,C,1
440,474.01,1,A,1
441,164.76,0,A,0
442,359.42,1,D,1
443,298.48,1,B,1
444,351.04,1,A,1
445,195.97,1,D,0
446,44.58,1,B,0
447,475.31,0,C,1
448,131.71,1,D,0
449,111.45,0,C,0
450,451.67,0,C,1
451,279.02,0,A,0
452,387.47,1,A,1
453,147.07,1,C,0
454,396.29,0,D,1
455,211.17,0,D,0
456,65.74,0,B,0
457,121.06,0,A,0
458,298.73,0,D,1
459,331.06,1,C,1
460,38.78,1,B,0
461,476.82,1,B,1
462,314.33,0,A,1
463,79.6,0,A,0
464,369.01,1,A,1
465,451.57,1,A,1
466,378.71,1,B,1
467,250.14,1,C,0
468,363.4,0,C,1
469,278.28,0,A,0
470,201.44,1,B,0
471,469.99,1,B,1
472,372.59,0,D,1
473,52.31,0,A,0
474,235.18,1,A,0
475,278.25,1,C,0
476,374.0,0,D,1
477,240.27,0,B,0
478,314.41,0,C,1
479,395.07,1,D,1
480,488.09,1,A,1
481,419.46,0,A,1
482,220.0,1,B,0
483,227.42,1,C,0
484,15.61,0,A,0
485,79.62,0,A,0
486,91.7,1,C,0
487,65.53,1,A,0
488,86.3,1,D,0
489,398.39,1,B,1
490,399.66,0,A,1
491,115.92,1,C,0
492,321.91,1,C,1
493,105.14,0,D,0
494,404.22,1,D,1
495,466.97,1,B,1
496,14.28,0,D,0
497,271.46,0,D,0
498,29.23,0,A,0
499,11.44,0,B,0
500,162.4,0,A,0
501,164.53,1,A,0
502,464.81,1,D,1
503,239.37,1,C,0
504,212.87,1,D,0
505,10.31,0,C,0
506,118.23,0,B,0
507,395.96,1,B,1
508,406.86,0,D,1
509,142.66,0,D,0
510,108.5,0,B,0
511,371.41,1,B,1
512,136.57,0,A,0
513,445.16,1,D,1
514,72.61,0,B,0
515,378.52,1,C,1
516,423.11,1,B,1
517,463.34,0,C,1
518,357.51,1,A,1
519,326.06,0,B,1
520,242.2,0,D,0
521,389.66,1,C,1
522,142.55,0,A,0
523,351.98,1,B,1
524,36.02,1,A,0
525,61.89,0,A,0
526,283.1,1,A,0
527,474.27,1,A,1
528,212.95,1,C,0
529,341.73,1,D,1
530,128.75,0,D,0
531,272.07,0,B,0
532,479.46,1,A,1
533,65.18,0,D,0
534,478.06,0,C,1
535,345.86,0,C,1
536,492.55,1,C,1
537,27.64,0,B,0
538,229.54,0,D,0
539,105.63,1,A,0
540,145.92,1,C,0
541,469.93,1,B,1
542,141.76,1,C,0
543,349.61,0,C,1
544,255.72,0,D,0
545,44.99,0,A,0
546,419.2,0,C,1
547,453.05,1,D,1
548,118.02,1,C,0
549,169.52,0,D,0
550,212.37,1,A,0
551,143.63,1,D,0
552,429.92,0,B,1
553,445.34,1,C,1
554,383.66,1,B,1
555,197.41,0,B,0
556,429.72,0,B,1
557,348.15,0,A,1
558,238.0,1,A,0
559,394.59,0,B,1
560,465.28,0,B,1
561,236.04,1,B,0
562,471.93,0,B,1
563,443.3,0,A,1
564,247.42,1,A,0
565,148.19,1,C,0
566,272.66,1,D,0
567,384.09,1,C,1
568,449.24,0,A,1
569,304.14,1,B,1
570,29.3,1,A,0
571,121.8,1,D,0
572,220.49,0,D,0
573,221.3,0,B,0
574,117.59,1,B,0
575,87.54,1,B,0
576,141.07,0,C,0
577,10.96,1,B,0
578,369.12,0,B,1
579,73.09,1,C,0
580,64.03,0,C,0
581,331.73,1,D,1
582,339.36,0,D,1
583,275.57,1,C,0
584,146.23,0,B,0
585,91.88,0,C,0
586,66.16,1,D,0
587,498.89,1,B,1
588,465.85,0,B,1
589,162.81,1,B,0
590,378.28,1,C,1
591,405.72,1,B,1
592,262.46,1,A,0
593,162.24,0,B,0
594,172.31,1,C,0
595,426.82,0,C,1
596,353.33,0,C,1
597,196.72,1,C,0
598,20.26,0,D,0
599,440.71,1,B,1
600,393.2,0,D,1
601,27.51,1,C,0
602,33.86,1,D,0
603,335.25,1,D,1
604,65.03,0,A,0
605,151.07,1,A,0
606,300.43,0,A,1
607,396.41,0,D,1
608,463.21,1,D,1
609,236.69,0,D,0
610,11.54,0,C,0
611,375.03,1,C,1
612,395.46,1,B,1
613,288.47,0,B,0
614,74.34,1,B,0
615,28.36,0,A,0
616,152.52,0,B,0
617,41.4,0,A,0
618,405.26,1,D,1
619,129.08,0,B,0
620,310.62,1,B,1
621,391.19,1,C,1
622,288.23,0,D,0
623,75.69,1,D,0
624,471.18,1,B,1
625,116.61,1,A,0
626,156.4,1,C,0
627,177.84,0,C,0
628,129.97,0,B,0
629,358.09,1,A,1
630,153.67,0,C,0
631,40.44,1,B,0
632,364.99,1,B,1
633,487.98,0,C,1
634,474.09,1,B,1
635,228.33,0,A,0
636,164.13,0,B,0
637,29.52,0,D,0
638,353.06,0,B,1
639,458.07,1,B,1
640,452.79,1,C,1
641,387.91,0,D,1
642,69.38,1,A,0
643,368.7,1,D,1
644,51.57,1,D,0
645,97.59,1,A,0
646,180.59,0,A,0
647,375.1,0,A,1
648,352.74,0,A,1
649,412.6,0,A,1
650,71.57,1,C,0
651,375.19,0,D,1
652,475.26,0,A,1
653,321.07,1,B,1
654,134.01,1,D,0
655,94.88,1,A,0
656,306.36,1,A,1
657,434.48,1,A,1
658,387.94,1,B,1
659,33.63,0,B,0
660,447.36,0,D,1
661,78.05,1,D,0
662,447.93,1,C,1
663,80.21,1,A,0
664,162.53,0,D,0
665,275.68,0,D,0
666,208.02,0,A,0
667,147.91,0,B,0
668,432.96,0,A,1
669,148.92,0,B,0
670,354.38,0,B,1
671,469.9,1,C,1
672,35.7,1,D,0
673,37.71,0,D,0
674,90.6,0,B,0
675,451.83,1,B,1
676,222.32,0,A,0
677,123.67,1,A,0
678,37.23,1,B,0
679,134.88,1,B,0
680,344.15,0,B,1
681,389.32,0,A,1
682,482.28,0,A,1
683,418.3,0,B,1
684,437.01,0,D,1
685,426.92,1,D,1
686,140.74,0,A,0
687,212.12,0,B,0
688,368.08,1,B,1
689,446.68,1,C,1
690,96.69,0,C,0
691,215.84,1,D,0
692,314.83,0,D,1
693,354.1,1,B,1
694,448.15,0,B,1
695,330.61,0,D,1
696,291.15,0,C,0
697,481.52,1,D,1
698,162.17,1,C,0
699,399.4,1,A,1
700,394.71,0,A,1
701,239.11,0,D,0
702,20.64,1,D,0
703,17.9,0,B,0
704,199.71,1,D,0
705,482.76,1,A,1
706,54.78,1,A,0
707,192.07,1,C,0
708,228.96,1,A,0
709,444.14,0,A,1
710,360.15,1,A,1
711,311.74,1,A,1
712,467.6,1,B,1
713,216.15,0,A,0
714,359.63,0,B,1
715,312.63,0,A,1
716,318.88,0,B,1
717,249.61,1,B,0
718,342.72,0,D,1
719,38.81,1,D,0
720,463.18,0,B,1
721,479.87,1,D,1
722,268.67,0,D,0
723,345.67,1,A,1
724,196.09,0,C,0
725,380.03,0,C,1
726,209.84,0,B,0
727,51.04,1,B,0
728,61.98,0,A,0
729,142.59,0,A,0
730,405.92,1,A,1
731,368.97,0,C,1
732,286.71,0,B,0
733,207.82,1,B,0
734,478.92,0,A,1
735,106.69,0,C,0
736,289.65,1,B,0
737,282.11,0,B,0
738,130.38,1,A,0
739,423.29,0,C,1
740,51.63,1,D,0
741,146.7,1,B,0
742,411.61,0,D,1
743,180.51,1,B,0
744,38.72,1,D,0
745,179.45,0,C,0
746,248.57,0,C,0
747,119.11,1,D,0
748,82.53,1,B,0
749,472.81,0,B,1
750,322.69,0,C,1
751,346.53,0,C,1
752,70.08,0,C,0
753,357.4,0,C,1
754,304.33,0,B,1
755,198.56,0,D,0
756,338.15,0,B,1
757,48.42,0,C,0
758,401.93,1,B,1
759,371.69,0,D,1
760,334.15,0,D,1
761,284.5,1,B,0
762,69.02,0,B,0
763,244.62,1,B,0
764,461.94,1,D,1
765,175.73,0,D,0
766,198.37,1,D,0
767,111.81,1,D,0
768,485.44,0,D,1
769,122.73,0,D,0
770,74.01,0,A,0
771,252.14,1,B,0
772,223.68,0,D,0
773,210.38,1,D,0
774,247.24,1,A,0
775,475.44,1,C,1
776,322.58,0,D,1
777,216.83,1,C,0
778,160.25,1,D,0
779,370.79,0,C,1
780,489.5,0,B,1
781,234.61,1,C,0
782,339.78,1,B,1
783,177.31,1,A,0
784,400.24,0,B,1
785,120.35,0,D,0
786,202.5,1,D,0
787,351.32,0,B,1
788,353.81,1,D,1
789,296.95,1,B,1
790,429.27,1,D,1
791,37.3,1,C,0
792,277.31,0,D,0
793,199.61,0,B,0
794,385.31,0,A,1
795,190.47,1,C,0
796,336.04,0,B,1
797,393.59,1,B,1
798,402.37,1,D,1
799,346.65,0,A,1
800,40.96,1,A,0
801,451.01,0,A,1
802,156.19,0,B,0
803,194.3,1,D,0
804,384.33,0,B,1
805,394.31,0,B,1
806,379.91,1,C,1
807,452.0,1,D,1
808,419.57,1,B,1
809,482.49,0,B,1
810,278.16,1,D,0
811,472.91,1,C,1
812,231.05,1,B,0
813,295.91,0,A,1
814,410.53,1,C,1
815,101.17,0,D,0
816,350.66,1,A,1
817,406.34,0,B,1
818,240.23,1,D,0
819,29.03,0,B,0
820,57.21,0,A,0
821,177.9,1,D,0
822,289.03,1,D,0
823,92.48,0,D,0
824,48.52,0,C,0
825,370.54,0,D,1
826,56.11,0,A,0
827,186.8,0,C,0
828,495.58,0,B,1
829,432.68,0,C,1
830,225.46,1,A,0
831,42.03,1,B,0
832,352.2,1,A,1
833,203.37,1,D,0
834,81.63,0,C,0
835,492.55,0,A,1
836,40.4,0,A,0
837,409.13,1,A,1
838,394.55,0,D,1
839,240.01,1,B,0
840,474.9,0,A,1
841,289.08,1,D,0
842,257.74,1,C,0
843,298.06,0,C,1
844,268.31,0,C,0
845,436.07,0,D,1
846,475.49,0,D,1
847,189.99,0,C,0
848,18.34,1,B,0
849,142.21,1,B,0
850,72.12,1,A,0
851,372.85,1,C,1
852,194.86,1,B,0
853,470.43,1,D,1
854,405.07,1,C,1
855,472.87,1,A,1
856,310.2,1,A,1
857,108.49,0,C,0
858,33.64,0,D,0
859,258.71,0,C,0
860,33.42,0,B,0
861,397.39,1,A,1
862,310.85,0,A,1
863,434.9,0,C,1
864,291.72,0,B,0
865,261.45,1,B,0
866,392.15,1,A,1
867,341.04,1,D,1
868,430.01,1,B,1
869,211.0,1,C,0
870,315.18,1,A,1
871,134.2,1,B,0
872,46.96,1,B,0
873,429.61,0,C,1
874,464.38,0,C,1
875,147.07,0,D,0
876,131.81,0,A,0
877,232.76,0,B,0
878,37.03,0,A,0
879,311.85,0,B,1
880,433.49,1,B,1
881,172.3,0,C,0
882,195.35,0,A,0
883,354.5,1,D,1
884,211.5,1,D,0
885,487.36,0,B,1
886,275.77,0,D,0
887,41.76,1,C,0
888,35.99,1,B,0
889,486.36,0,A,1
890,21.44,1,C,0
891,238.36,0,D,0
892,77.02,0,D,0
893,458.98,1,B,1
894,333.62,0,A,1
895,40.37,0,C,0
896,314.89,0,B,1
897,168.99,0,B,0
898,437.76,0,A,1
899,194.7,0,A,0
900,70.31,0,A,0
901,243.02,1,C,0
902,31.84,1,C,0
903,210.74,0,D,0
904,68.74,1,C,0
905,472.87,0,D,1
906,459.76,0,D,1
907,144.13,1,D,0
908,79.11,1,B,0
909,419.76,1,B,1
910,143.16,0,B,0
911,411.47,0,C,1
912,407.41,0,B,1
913,467.72,1,B,1
914,436.06,1,A,1
915,271.51,0,A,0
916,441.71,0,C,1
917,361.59,0,C,1
918,194.3,0,C,0
919,58.62,0,D,0
920,282.84,1,D,0
921,185.23,1,C,0
922,148.51,0,B,0
923,352.28,1,C,1
924,67.57,0,B,0
925,192.49,0,C,0
926,437.11,1,D,1
927,260.06,0,A,0
928,397.79,0,C,1
929,483.76,1,D,1
930,108.03,1,B,0
931,252.21,1,B,0
932,264.92,0,A,0
933,474.42,1,A,1
934,425.06,0,D,1
935,361.02,0,D,1
936,155.98,0,B,0
937,15.1,1,D,0
938,46.77,1,A,0
939,229.44,0,C,0
940,390.43,0,D,1
941,322.95,0,C,1
942,440.3,0,A,1
943,68.74,0,D,0
944,170.81,0,C,0
945,15.16,1,C,0
946,114.73,0,D,0
947,305.73,1,B,1
948,284.0,1,B,0
949,417.09,0,D,1
950,166.62,1,A,0
951,462.79,1,C,1
952,96.42,1,C,0
953,116.34,1,B,0
954,248.51,1,D,0
955,486.52,1,B,1
956,33.53,0,D,0
957,462.73,1,D,1
958,440.53,0,D,1
959,327.06,1,B,1
960,352.27,0,A,1
961,462.61,0,B,1
962,234.07,1,C,0
963,31.03,0,C,0
964,457.89,1,D,1
965,242.97,0,C,0
966,313.05,0,D,1
967,96.38,1,B,0
968,362.47,0,D,1
969,343.31,0,B,1
970,57.76,1,C,0
971,288.26,1,D,0
972,491.67,0,C,1
973,411.51,0,D,1
974,498.36,1,A,1
975,283.31,0,D,0
976,273.73,1,D,0
977,236.42,0,B,0
978,200.38,0,A,0
979,388.54,1,D,1
980,205.3,0,B,0
981,61.27,1,B,0
982,453.2,1,C,1
983,338.26,1,C,1
984,21.39,1,D,0
985,444.24,1,B,1
986,81.84,1,A,0
987,162.11,1,A,0
988,355.76,0,A,1
989,445.61,0,C,1
990,458.32,1,B,1
991,339.39,0,D,1
992,70.1,0,C,0
993,360.62,1,C,1
994,195.94,1,A,0
995,189.99,1,D,0
996,153.17,1,A,0
997,220.84,0,C,0
998,130.06,1,B,0
999,25.8,1,C,0
1000,155.76,0,D,0
1001,400.41,1,C,1
1002,44.52,0,C,0
1003,358.62,0,C,1
1004,413.26,0,A,1
1005,443.34,0,C,1
1006,112.24,0,B,0
1007,395.82,0,C,1
1008,344.0,1,D,1
1009,485.19,0,C,1
1010,380.08,0,C,1
1011,371.8,0,A,1
1012,365.2,0,C,1
1013,322.06,0,C,1
1014,285.26,1,D,0
1015,58.39,1,D,0
1016,486.59,0,D,1
1017,256.54,1,A,0
1018,419.01,0,B,1
1019,391.83,1,D,1
1020,345.41,0,C,1
1021,393.08,0,D,1
1022,438.09,0,A,1
1023,303.87,0,B,1
1024,463.45,1,A,1
1025,267.26,1,A,0
1026,211.44,0,B,0
1027,158.0,1,C,0
1028,41.78,1,A,0
1029,11.37,1,B,0
1030,403.7,1,A,1
1031,101.63,1,D,0
1032,85.1,0,B,0
1033,307.91,1,C,1
1034,413.06,1,D,1
1035,479.05,0,A,1
1036,349.11,1,B,1
1037,437.63,1,B,1
1038,52.6,0,D,0
1039,383.4,0,C,1
1040,116.75,1,D,0
1041,29.73,1,A,0
1042,409.45,0,D,1
1043,485.55,1,B,1
1044,34.9,0,C,0
1045,390.66,0,B,1
1046,406.32,1,A,1
1047,236.8,0,D,0
1048,299.19,0,D,1
1049,287.3,0,C,0
1050,363.53,0,B,1
1051,11.47,1,D,0
1052,448.45,1,C,1
1053,134.47,1,B,0
1054,368.82,1,D,1
1055,292.32,0,D,0
1056,288.79,0,A,0
1057,210.36,0,D,0
1058,420.67,0,B,1
1059,221.12,1,A,0
1060,457.6,0,C,1
1061,478.78,0,D,1
1062,124.04,1,C,0
1063,275.37,1,C,0
1064,367.49,0,B,1
1065,359.05,1,A,1
1066,444.44,1,B,1
1067,302.07,1,A,1
1068,417.71,0,D,1
1069,33.99,1,B,0
1070,389.76,1,A,1
1071,392.68,0,B,1
1072,34.94,1,D,0
1073,125.22,1,D,0
1074,291.53,0,B,0
1075,140.59,1,A,0
1076,128.72,1,D,0
1077,18.58,1,C,0
1078,305.66,1,B,1
1079,350.59,1,D,1
1080,386.1,0,B,1
1081,328.83,1,D,1
1082,260.77,0,A,0
1083,276.6,0,D,0
1084,99.85,1,A,0
1085,246.71,0,C,0
1086,356.49,1,D,1
1087,458.32,1,A,1
1088,111.62,1,C,0
1089,70.9,0,A,0
1090,84.59,1,A,0
1091,54.91,0,A,0
1092,103.58,0,D,0
1093,51.28,0,A,0
1094,211.64,0,A,0
1095,259.91,0,C,0
1096,290.69,0,A,0
1097,312.48,0,B,1
1098,130.17,1,A,0
1099,288.62,0,A,0
1100,465.5,0,B,1
1101,391.6,0,B,1
1102,47.84,0,A,0
1103,74.3,1,B,0
1104,181.02,0,A,0
1105,35.29,0,C,0
1106,32.32,1,D,0
1107,325.45,1,A,1
1108,309.73,1,B,1
1109,118.94,0,D,0
1110,471.89,1,C,1
1111,34.83,0,B,0
1112,402.3,1,C,1
1113,100.23,1,C,0
1114,97.42,0,A,0
1115,168.57,0,D,0
1116,386.26,1,C,1
1117,424.01,1,D,1
1118,417.85,0,C,1
1119,460.49,1,A,1
1120,469.19,0,A,1
1121,432.58,0,C,1
1122,131.96,0,B,0
1123,308.31,0,C,1
1124,335.26,1,B,1
1125,251.53,1,C,0
1126,108.49,1,C,0
1127,411.63,1,A,1
1128,391.42,1,D,1
1129,456.04,1,A,1
1130,494.34,0,C,1
1131,304.22,0,B,1
1132,468.63,1,D,1
1133,464.94,0,D,1
1134,69.0,0,A,0
1135,144.9,0,B,0
1136,39.34,0,C,0
1137,367.26,1,D,1
1138,211.84,1,C,0
1139,409.75,0,D,1
1140,250.86,1,C,0
1141,305.04,0,C,1
1142,312.46,0,D,1
1143,108.36,0,C,0
1144,277.82,1,B,0
1145,195.54,0,B,0
1146,280.5,0,C,0
1147,287.25,0,A,0
1148,89.71,0,B,0
1149,454.45,0,A,1
1150,238.59,0,A,0
1151,69.61,0,A,0
1152,237.69,1,D,0
1153,478.16,0,B,1
1154,116.0,0,A,0
1155,278.31,0,C,0
1156,167.39,0,D,0
1157,395.82,1,D,1
1158,27.49,0,D,0
1159,162.99,0,D,0
1160,281.81,1,A,0
1161,168.45,1,B,0
1162,476.56,1,C,1
1163,56.69,1,D,0
1164,322.31,1,D,1
1165,434.0,1,A,1
1166,150.79,1,B,0
1167,59.95,0,B,0
1168,204.98,1,A,0
1169,292.55,1,A,1
1170,224.45,0,C,0
1171,110.28,1,B,0
1172,188.18,1,A,0
1173,314.15,0,C,1
1174,12.89,1,A,0
1175,417.1,0,D,1
1176,213.11,1,B,0
1177,222.12,1,B,0
1178,441.02,1,A,1
1179,443.6,0,C,1
1180,262.57,1,B,0
1181,194.7,0,A,0
1182,225.56,1,D,0
1183,316.23,0,A,1
1184,17.06,0,B,0
1185,417.32,1,C,1
1186,205.69,1,D,0
1187,303.75,1,B,1
1188,157.71,1,C,0
1189,88.88,1,C,0
1190,170.06,0,A,0
1191,382.04,1,A,1
1192,212.34,0,B,0
1193,443.6,0,C,1
1194,428.87,0,A,1
1195,43.84,0,C,0
1196,221.79,1,A,0
1197,375.53,1,A,1
1198,425.37,0,D,1
1199,434.8,0,D,1
1200,393.88,1,A,1
1201,148.23,1,B,0
1202,279.3,0,D,0
1203,279.4,0,A,0
1204,277.31,0,C,0
1205,496.45,0,B,1
1206,364.84,1,B,1
1207,105.03,0,C,0
1208,148.02,1,A,0
1209,115.38,0,B,0
1210,238.21,0,B,0
1211,28.32,1,A,0
1212,364.83,1,D,1
1213,186.9,1,D,0
1214,326.53,0,A,1
1215,413.46,1,B,1
1216,407.79,1,A,1
1217,479.38,0,A,1
1218,190.9,0,D,0
1219,32.5,1,C,0
1220,247.13,1,C,0
1221,311.55,1,C,1
1222,50.13,1,B,0
1223,89.14,0,C,0
1224,119.06,1,C,0
1225,397.26,0,C,1
1226,279.38,1,C,0
1227,454.83,0,A,1
1228,266.53,0,D,0
1229,445.96,0,A,1
1230,84.3,0,A,0
1231,298.48,0,D,1
1232,388.44,0,A,1
1233,105.14,0,C,0
1234,281.4,0,A,0
1235,332.88,0,C,1
1236,450.53,0,C,1
1237,311.15,0,A,1
1238,459.11,1,A,1
1239,165.23,0,A,0
1240,279.42,0,C,0
1241,338.73,1,B,1
1242,75.66,1,D,0
1243,395.96,1,B,1
1244,443.62,0,A,1
1245,92.92,0,A,0
1246,28.08,0,A,0
1247,362.93,0,A,1
1248,470.04,0,B,1
1249,371.58,1,D,1
1250,209.85,1,D,0
1251,250.97,1,B,0
1252,311.7,1,B,1
1253,385.12,1,C,1
1254,417.33,1,B,1
1255,168.35,1,A,0
1256,284.63,1,A,0
1257,29.07,1,C,0
1258,488.38,1,D,1
1259,389.74,1,C,1
1260,245.83,0,A,0
1261,298.11,1,D,1
1262,105.98,0,C,0
1263,24.0,0,D,0
1264,54.14,1,B,0
1265,259.82,1,A,0
1266,418.62,0,B,1
1267,303.3,1,D,1
1268,30.44,0,D,0
1269,457.2,0,A,1
1270,207.37,0,D,0
1271,487.29,1,D,1
1272,126.37,0,B,0
1273,363.27,1,C,1
1274,40.63,0,C,0
1275,195.59,1,C,0
1276,166.19,0,D,0
1277,289.9,1,A,0
1278,10.56,1,D,0
1279,181.97,0,A,0
1280,190.73,1,C,0
1281,453.65,1,D,1
1282,264.6,0,C,0
1283,112.93,0,A,0
1284,314.89,1,D,1
1285,275.98,1,B,0
1286,168.92,1,B,0
1287,446.11,0,C,1
1288,494.63,0,A,1
1289,458.97,1,D,1
1290,80.63,0,D,0
1291,339.55,1,D,1
1292,16.81,1,B,0
1293,246.8,0,C,0
1294,112.44,1,D,0
1295,397.72,0,A,1
1296,140.83,0,C,0
1297,389.91,0,B,1
1298,101.93,0,D,0
1299,317.34,0,A,1
1300,415.9,0,D,1
1301,54.0,0,C,0
1302,263.85,0,C,0
1303,328.96,0,D,1
1304,367.39,0,A,1
1305,254.53,1,A,0
1306,387.48,0,D,1
1307,151.49,1,C,0
1308,318.6,1,C,1
1309,42.85,0,B,0
1310,282.09,0,A,0
1311,456.15,0,B,1
1312,253.74,1,A,0
1313,76.13,1,A,0
1314,473.69,0,A,1
1315,120.77,1,D,0
1316,249.65,1,A,0
1317,378.31,0,D,1
1318,490.35,0,C,1
1319,422.79,1,A,1
1320,360.46,0,A,1
1321,327.67,1,A,1
1322,192.57,1,B,0
1323,55.31,1,C,0
1324,352.46,0,A,1
1325,101.35,0,A,0
1326,143.71,1,C,0
1327,252.95,0,C,0
1328,88.91,0,D,0
1329,128.8,1,C,0
1330,318.56,0,C,1
1331,179.54,1,C,0
1332,105.12,0,C,0
1333,466.85,1,B,1
1334,309.89,0,D,1
1335,143.5,0,B,0
1336,33.48,1,B,0
1337,91.71,1,C,0
1338,61.03,1,D,0
1339,342.73,1,C,1
1340,497.88,1,B,1
1341,392.46,1,D,1
1342,411.64,0,C,1
1343,431.1,0,D,1
1344,212.36,0,D,0
1345,228.67,0,D,0
1346,75.36,1,B,0
1347,159.01,1,A,0
1348,475.46,1,A,1
1349,44.75,0,D,0
1350,259.33,0,D,0
1351,386.9,1,B,1
1352,66.84,1,D,0
1353,172.49,1,B,0
1354,189.28,0,B,0
1355,44.2,0,D,0
1356,128.47,0,B,0
1357,251.71,0,C,0
1358,294.21,0,A,1
1359,52.22,0,B,0
1360,124.5,0,A,0
1361,257.17,0,D,0
1362,139.71,1,A,0
1363,27.42,0,B,0
1364,30.61,1,B,0
1365,74.27,1,A,0
1366,12.21,0,C,0
1367,435.76,1,C,1
1368,349.01,1,A,1
1369,367.76,0,A,1
1370,418.99,0,C,1
1371,478.83,0,C,1
1372,56.93,0,B,0
1373,268.52,1,B,0
1374,333.87,0,D,1
1375,324.59,0,B,1
1376,160.56,0,D,0
1377,389.05,1,D,1
1378,260.9,1,B,0
1379,155.36,0,B,0
1380,10.67,1,A,0
1381,463.48,1,D,1
1382,319.19,0,B,1
1383,45.39,0,C,0
1384,449.37,1,D,1
1385,160.99,1,D,0
1386,332.03,0,D,1
1387,444.15,0,D,1
1388,427.66,1,D,1
1389,113.14,1,D,0
1390,482.26,0,C,1
1391,52.59,1,A,0
1392,209.54,0,D,0
1393,216.2,0,C,0
1394,159.91,1,D,0
1395,98.42,1,D,0
1396,405.05,1,A,1
1397,153.66,0,D,0
1398,12.26,0,D,0
1399,15.45,0,C,0
1400,309.15,1,A,1
1401,48.79,1,B,0
1402,412.68,0,B,1
1403,89.81,0,C,0
1404,214.87,0,D,0
1405,455.38,0,A,1
1406,175.78,1,D,0
1407,233.03,1,A,0
1408,262.16,1,D,0
1409,460.5,1,B,1
1410,330.98,0,A,1
1411,446.0,1,B,1
1412,372.22,0,C,1
1413,201.64,1,B,0
1414,495.54,1,D,1
1415,328.26,0,B,1
1416,164.58,1,B,0
1417,304.52,1,C,1
1418,144.8,0,B,0
1419,462.99,1,B,1
1420,383.65,1,C,1
1421,427.97,0,C,1
1422,375.01,1,C,1
1423,263.92,0,D,0
1424,296.21,1,D,1
1425,359.12,1,A,1
1426,87.54,1,D,0
1427,218.76,1,A,0
1428,249.45,0,D,0
1429,431.94,1,B,1
1430,229.05,1,C,0
1431,472.85,1,C,1
1432,186.97,1,A,0
1433,226.87,1,A,0
1434,252.45,1,D,0
1435,372.39,0,A,1
1436,221.84,1,B,0
1437,277.77,1,A,0
1438,204.0,0,B,0
1439,358.05,1,A,1
1440,297.41,1,D,1
1441,299.18,1,B,1
1442,121.11,0,C,0
1443,107.81,0,C,0
1444,125.15,1,D,0
1445,220.18,1,D,0
1446,352.61,0,C,1
1447,66.61,1,A,0
1448,13.95,1,A,0
1449,16.65,0,B,0
1450,270.79,1,D,0
1451,107.49,1,C,0
1452,434.46,1,B,1
1453,178.62,1,C,0
1454,396.21,0,A,1
1455,214.0,1,A,0
1456,381.88,0,C,1
1457,221.4,1,A,0
1458,122.15,1,A,0
1459,290.66,0,D,0
1460,376.14,0,A,1
1461,475.96,1,A,1
1462,283.7,0,C,0
1463,84.34,0,B,0
1464,304.83,1,D,1
1465,194.25,1,D,0
1466,435.84,1,D,1
1467,414.66,1,B,1
1468,488.14,0,C,1
1469,372.89,0,D,1
1470,345.34,1,C,1
1471,342.42,0,C,1
1472,187.45,1,A,0
1473,350.08,0,A,1
1474,295.2,1,A,1
1475,88.34,0,A,0
1476,435.75,1,A,1
1477,58.85,1,C,0
1478,57.33,1,D,0
1479,423.99,0,A,1
1480,437.8,0,D,1
1481,299.06,1,D,1
1482,18.21,1,B,0
1483,364.34,0,D,1
1484,62.31,1,C,0
1485,298.17,1,C,1
1486,63.0,1,A,0
1487,377.88,1,D,1
1488,101.0,1,C,0
1489,320.11,1,B,1
1490,102.18,1,A,0
1491,263.55,1,C,0
1492,398.98,0,C,1
1493,424.43,0,B,1
1494,252.48,1,D,0
1495,425.82,1,A,1
1496,173.0,0,C,0
1497,347.49,1,B,1
1498,333.35,1,B,1
1499,22.98,1,A,0
1500,178.99,1,D,0
1501,422.62,1,C,1
1502,457.89,1,D,1
1503,14.91,1,A,0
1504,289.15,0,C,0
1505,201.1,1,C,0
1506,98.43,1,C,0
1507,428.05,1,B,1
1508,280.03,0,A,0
1509,225.98,1,B,0
1510,288.01,0,C,0
1511,124.97,0,B,0
1512,373.77,1,C,1
1513,277.02,0,D,0
1514,26.04,1,B,0
1515,405.61,1,C,1
1516,39.9,1,B,0
1517,418.77,1,A,1
1518,133.71,1,D,0
1519,499.09,1,C,1
1520,398.09,0,A,1
1521,187.72,1,D,0
1522,100.6,1,C,0
1523,36.45,1,B,0
1524,396.78,1,D,1
1525,248.44,0,A,0
1526,367.34,1,D,1
1527,160.58,1,D,0
1528,137.98,1,B,0
1529,374.46,1,A,1
1530,117.21,0,A,0
1531,258.02,0,D,0
1532,324.15,0,A,1
1533,323.15,1,B,1
1534,48.43,0,D,0
1535,355.32,1,D,1
1536,42.59,1,B,0
1537,68.05,1,D,0
1538,22.31,0,A,0
1539,354.52,0,A,1
1540,338.19,1,D,1
1541,483.96,0,B,1
1542,458.16,1,C,1
1543,309.81,0,C,1
1544,292.59,0,C,1
1545,141.95,0,B,0
1546,111.81,1,C,0
1547,198.98,0,B,0
1548,418.93,1,D,1
1549,331.21,0,B,1
1550,336.23,1,C,1
1551,389.32,0,C,1
1552,172.85,0,A,0
1553,57.62,0,A,0
1554,480.68,1,A,1
1555,249.16,0,C,0
1556,218.3,1,A,0
1557,348.03,1,A,1
1558,406.98,1,C,1
1559,38.73,1,D,0
1560,354.21,0,D,1
1561,388.45,1,A,1
1562,96.91,0,B,0
1563,173.87,1,B,0
1564,42.52,1,D,0
1565,289.34,1,D,0
1566,12.76,0,C,0
1567,244.4,0,A,0
1568,74.21,1,C,0
1569,12.9,0,B,0
1570,283.29,0,A,0
1571,56.39,1,D,0
1572,230.48,0,B,0
1573,282.56,1,B,0
1574,256.26,1,D,0
1575,445.26,0,A,1
1576,113.73,0,C,0
1577,83.29,1,A,0
1578,220.7,0,A,0
1579,303.27,1,B,1
1580,76.49,0,B,0
1581,468.1,1,D,1
1582,450.07,1,C,1
1583,117.25,1,C,0
1584,211.98,1,D,0
1585,261.97,1,C,0
1586,149.87,0,A,0
1587,311.67,1,C,1
1588,409.45,1,B,1
1589,448.08,0,A,1
1590,46.58,1,D,0
1591,270.57,0,C,0
1592,365.39,0,C,1
1593,326.66,1,A,1
1594,187.34,1,B,0
1595,60.42,0,A,0
1596,229.1,1,C,0
1597,476.34,1,A,1
1598,333.57,0,D,1
1599,144.32,1,C,0
1600,435.76,1,D,1
1601,431.49,0,B,1
1602,203.23,0,B,0
1603,439.6,0,A,1
1604,219.75,0,B,0
1605,335.48,0,D,1
1606,167.67,0,C,0
1607,455.52,0,B,1
1608,139.57,1,C,0
1609,119.95,0,B,0
1610,251.5,1,C,0
1611,232.68,1,C,0
1612,371.43,1,A,1
1613,218.46,1,A,0
1614,231.93,1,C,0
1615,307.1,1,D,1
1616,482.07,1,B,1
1617,232.71,1,C,0
1618,94.13,0,B,0
1619,75.31,1,A,0
1620,446.64,0,D,1
1621,24.27,1,C,0
1622,87.93,0,A,0
1623,166.67,0,A,0
1624,55.38,1,D,0
1625,62.14,1,C,0
1626,427.23,1,B,1
1627,318.96,0,A,1
1628,376.37,0,A,1
1629,133.41,1,A,0
1630,113.44,0,A,0
1631,19.01,1,B,0
1632,325.88,1,A,1
1633,155.71,0,B,0
1634,437.2,0,B,1
1635,190.69,0,C,0
1636,269.74,1,D,0
1637,107.66,0,C,0
1638,447.14,1,B,1
1639,455.11,0,C,1
1640,178.53,0,C,0
1641,17.09,0,C,0
1642,492.64,0,C,1
1643,389.94,1,D,1
1644,76.06,0,D,0
1645,91.93,1,C,0
1646,103.69,1,A,0
1647,374.87,1,A,1
1648,207.4,0,C,0
1649,390.98,0,D,1
1650,104.92,1,C,0
1651,15.38,0,C,0
1652,488.83,1,C,1
1653,57.57,0,D,0
1654,209.68,1,C,0
1655,116.69,0,A,0
1656,493.04,1,B,1
1657,126.45,1,C,0
1658,100.34,1,D,0
1659,41.45,0,D,0
1660,281.84,1,D,0
1661,458.26,1,B,1
1662,371.65,0,C,1
1663,144.1,0,B,0
1664,249.78,0,B,0
1665,237.92,0,A,0
1666,445.66,0,B,1
1667,347.49,1,D,1
1668,483.35,1,B,1
1669,368.12,0,C,1
1670,183.57,0,D,0
1671,348.3,1,A,1
1672,333.34,1,D,1
1673,128.73,0,B,0
1674,166.2,0,D,0
1675,401.76,0,C,1
1676,194.84,0,D,0
1677,248.29,0,C,0
1678,68.63,1,A,0
1679,290.44,0,B,0
1680,347.07,0,D,1
1681,423.54,0,D,1
1682,18.85,1,C,0
1683,472.17,1,D,1
1684,341.18,0,A,1
1685,409.2,0,D,1
1686,209.86,1,D,0
1687,449.1,1,B,1
1688,84.27,1,A,0
1689,173.43,0,B,0
1690,423.21,1,A,1
1691,124.74,1,C,0
1692,285.27,0,B,0
1693,149.27,1,D,0
1694,306.89,1,D,1
1695,292.56,0,D,1
1696,353.03,0,B,1
1697,418.8,0,A,1
1698,42.03,0,C,0
1699,16.47,0,A,0
1700,253.33,0,C,0
1701,120.74,0,A,0
1702,45.38,0,D,0
1703,415.54,1,B,1
1704,151.85,1,C,0
1705,72.6,0,A,0
1706,379.96,0,B,1
1707,203.92,1,D,0
1708,197.44,0,A,0
1709,454.86,0,D,1
1710,38.46,1,A,0
1711,319.73,0,D,1
1712,60.09,0,D,0
1713,28.69,0,A,0
1714,423.75,1,D,1
1715,471.69,1,B,1
1716,265.2,0,B,0
1717,311.52,1,D,1
1718,106.53,1,B,0
1719,25.26,1,A,0
1720,23.32,0,A,0
1721,426.68,1,D,1
1722,368.37,0,A,1
1723,50.52,1,C,0
1724,78.61,0,A,0
1725,124.04,0,D,0
1726,444.86,1,C,1
1727,222.32,1,D,0
1728,17.03,0,C,0
1729,153.27,1,B,0
1730,315.96,0,C,1
1731,487.81,1,D,1
1732,472.91,0,D,1
1733,166.61,1,D,0
1734,152.67,0,D,0
1735,11.57,1,C,0
1736,353.07,1,B,1
1737,261.0,1,B,0
1738,290.34,0,C,0
1739,22.61,0,A,0
1740,486.22,0,A,1
1741,345.04,0,C,1
1742,474.03,1,B,1
1743,372.27,1,B,1
1744,432.68,0,A,1
1745,248.75,1,D,0
1746,114.41,0,A,0
1747,482.31,1,B,1
1748,17.85,0,B,0
1749,239.24,0,C,0
1750,190.56,0,A,0
1751,52.85,0,C,0
1752,303.56,1,A,1
1753,27.5,1,D,0
1754,110.07,1,D,0
1755,490.65,1,C,1
1756,411.34,0,C,1
1757,291.37,0,C,0
1758,220.2,1,D,0
1759,78.49,0,B,0
1760,163.01,1,A,0
1761,222.81,1,B,0
1762,79.8,0,B,0
1763,334.07,0,D,1
1764,305.05,0,A,1
1765,378.8,1,B,1
1766,228.72,0,D,0
1767,106.12,1,D,0
1768,333.03,1,A,1
1769,289.95,1,A,0
1770,31.42,0,A,0
1771,166.3,0,A,0
1772,135.52,0,C,0
1773,195.31,0,B,0
1774,492.67,0,C,1
1775,238.47,1,B,0
1776,478.37,1,C,1
1777,296.87,0,A,1
1778,38.61,0,D,0
1779,243.9,1,D,0
1780,44.91,0,C,0
1781,150.34,1,B,0
1782,249.43,0,D,0
1783,126.21,1,B,0
1784,425.17,0,A,1
1785,52.64,0,D,0
1786,165.47,1,A,0
1787,498.58,1,A,1
1788,272.36,0,C,0
1789,248.93,0,A,0
1790,249.66,0,B,0
1791,489.51,1,A,1
1792,205.21,0,C,0
1793,483.39,1,C,1
1794,473.03,0,A,1
1795,380.93,0,A,1
1796,344.84,1,A,1
1797,41.22,0,C,0
1798,420.11,0,B,1
1799,413.04,1,A,1
1800,206.76,1,B,0
1801,244.94,1,C,0
1802,51.32,1,B,0
1803,35.18,0,D,0
1804,289.84,1,C,0
1805,355.76,1,A,1
1806,214.94,0,A,0
1807,17.62,1,C,0
1808,419.99,0,D,1
1809,269.26,0,B,0
1810,81.97,1,D,0
1811,269.36,1,A,0
1812,87.11,0,D,0
1813,83.76,1,A,0
1814,375.2,0,A,1
1815,258.97,0,B,0
1816,105.76,0,A,0
1817,161.88,1,B,0
1818,469.26,0,C,1
1819,134.45,0,C,0
1820,433.71,1,A,1
1821,275.56,0,C,0
1822,41.17,1,A,0
1823,144.45,0,A,0
1824,443.01,0,A,1
1825,105.88,0,D,0
1826,214.62,1,C,0
1827,221.1,0,D,0
1828,332.39,0,A,1
1829,405.66,0,D,1
1830,489.95,1,A,1
1831,404.59,0,D,1
1832,221.91,0,B,0
1833,325.47,1,C,1
1834,66.36,0,C,0
1835,113.34,1,D,0
1836,19.72,1,C,0
1837,450.35,1,A,1
1838,185.84,1,D,0
1839,442.68,1,B,1
1840,174.28,0,A,0
1841,102.49,0,B,0
1842,135.21,0,C,0
1843,496.95,1,A,1
1844,178.44,1,D,0
1845,208.15,0,D,0
1846,300.46,0,A,1
1847,365.54,1,D,1
1848,232.59,1,D,0
1849,158.77,1,B,0
1850,268.41,0,D,0
1851,217.62,0,D,0
1852,34.53,1,B,0
1853,19.39,1,C,0
1854,364.96,1,D,1
1855,253.15,0,D,0
1856,330.0,1,C,1
1857,178.55,1,A,0
1858,494.47,0,D,1
1859,243.9,1,D,0
1860,464.35,1,A,1
1861,487.14,0,A,1
1862,368.94,1,B,1
1863,281.62,0,C,0
1864,25.21,1,C,0
1865,124.96,0,A,0
1866,426.13,1,C,1
1867,397.21,0,C,1
1868,452.22,1,D,1
1869,177.3,0,C,0
1870,147.01,0,A,0
1871,469.23,1,C,1
1872,279.32,1,B,0
1873,399.89,0,C,1
1874,65.28,1,B,0
1875,24.06,0,A,0
1876,126.94,0,B,0
1877,147.75,0,B,0
1878,479.2,1,B,1
1879,243.99,1,A,0
1880,26.24,0,C,0
1881,322.83,1,A,1
1882,122.4,0,A,0
1883,303.3,0,B,1
1884,442.94,1,D,1
1885,481.8,0,D,1
1886,162.78,0,D,0
1887,175.6,1,D,0
1888,297.82,1,A,1
1889,272.84,0,B,0
1890,257.69,1,A,0
1891,75.51,1,C,0
1892,43.4,1,B,0
1893,98.54,1,D,0
1894,79.81,1,B,0
1895,156.19,1,C,0
1896,236.23,0,B,0
1897,168.22,0,D,0
1898,295.8,1,C,1
1899,493.2,1,C,1
1900,499.57,1,A,1
1901,444.61,0,A,1
1902,204.11,1,B,0
1903,389.57,0,C,1
1904,50.72,1,A,0
1905,390.0,1,D,1
1906,169.72,1,C,0
1907,412.62,0,C,1
1908,392.2,1,A,1
1909,497.26,0,B,1
1910,320.55,0,A,1
1911,322.61,1,C,1
1912,456.21,0,C,1
1913,485.38,1,A,1
1914,202.86,1,A,0
1915,342.91,0,B,1
1916,180.3,0,D,0
1917,346.18,0,A,1
1918,126.19,0,B,0
1919,379.11,0,A,1
1920,382.22,1,A,1
1921,461.36,1,C,1
1922,138.95,1,B,0
1923,99.16,1,A,0
1924,404.45,1,C,1
1925,455.81,1,C,1
1926,74.26,1,C,0
1927,30.43,1,C,0
1928,297.35,0,C,1
1929,364.13,1,B,1
1930,25.77,0,C,0
1931,124.06,1,C,0
1932,303.18,1,D,1
1933,36.77,0,D,0
1934,292.79,1,B,1
1935,434.87,1,A,1
1936,79.48,1,B,0
1937,155.4,1,D,0
1938,216.93,1,A,0
1939,397.5,1,D,1
1940,40.96,1,B,0
1941,50.94,1,D,0
1942,44.28,0,A,0
1943,410.82,0,D,1
1944,375.4,0,B,1
1945,73.87,1,B,0
1946,175.96,0,A,0
1947,482.22,0,B,1
1948,65.74,0,C,0
1949,442.72,1,B,1
1950,280.12,0,A,0
1951,321.16,0,D,1
1952,436.13,0,A,1
1953,315.27,1,A,1
1954,304.48,1,B,1
1955,328.09,1,A,1
1956,29.66,0,D,0
1957,169.43,0,A,0
1958,185.73,1,A,0
1959,333.54,1,B,1
1960,35.99,1,A,0
1961,447.54,1,D,1
1962,80.03,1,C,0
1963,200.09,0,A,0
1964,151.45,1,A,0
1965,439.34,0,C,1
1966,359.59,1,D,1
1967,357.7,0,B,1
1968,80.86,1,A,0
1969,284.55,0,D,0
1970,12.15,0,A,0
1971,245.67,0,B,0
1972,381.49,0,B,1
1973,343.67,0,C,1
1974,160.03,1,A,0
1975,400.0,0,A,1
1976,430.49,1,B,1
1977,489.82,1,C,1
1978,471.31,0,A,1
1979,243.28,0,B,0
1980,39.01,1,A,0
1981,113.2,0,C,0
1982,81.05,1,D,0
1983,215.98,1,D,0
1984,225.78,0,A,0
1985,84.67,1,B,0
1986,323.49,1,B,1
1987,54.39,1,B,0
1988,111.26,1,D,0
1989,472.74,0,C,1
1990,410.09,1,D,1
1991,219.56,1,C,0
1992,285.11,0,D,0
1993,319.33,1,C,1
1994,274.56,1,B,0
1995,10.49,1,A,0
1996,168.2,1,D,0
1997,187.22,1,D,0
1998,206.91,0,D,0
1999,245.85,1,D,0
2000,491.55,1,A,1
